pair,Player1,Player2,ice_time,goals_for,goals_against,shots_for,goals_for_per_60,goals_against_per_60,shots_for_per_60,lambda_for,lambda_against,prob_goal_for_1200,prob_goal_against_1200,PlayerA,PlayerB
Alexander Radulov & Esa Lindell,Alexander Radulov,Esa Lindell,16751,2,8,159,0.4298250850695481,1.7193003402781923,34.171094263029076,0.143275028356516,0.573100113426064,0.13348428027369041,0.4362250395632302,Alexander Radulov,Esa Lindell
Alexander Radulov & Jamie Benn,Alexander Radulov,Jamie Benn,21778,8,20,218,1.3224354853521902,3.306088713380476,36.03636697584719,0.4408118284507301,1.1020295711268253,0.35648621383314893,0.6678038167314679,Alexander Radulov,Jamie Benn
Alexander Radulov & Miro Heiskanen,Alexander Radulov,Miro Heiskanen,18199,2,12,191,0.3956261333040277,2.373756799824166,37.78229573053464,0.13187537776800923,0.7912522666080554,0.12354978654445736,0.5467231836952381,Alexander Radulov,Miro Heiskanen
Alexander Radulov & Tyler Seguin,Alexander Radulov,Tyler Seguin,14622,3,15,131,0.7386130488305294,3.693065244152647,32.252769798933116,0.24620434961017645,1.2310217480508823,0.21823754425143405,0.7080059191704169,Alexander Radulov,Tyler Seguin
Esa Lindell & Jamie Benn,Esa Lindell,Jamie Benn,29112,8,24,230,0.9892827699917559,2.967848309975268,28.441879637262982,0.32976092333058526,0.989282769991756,0.28090436812868735,0.6281567074289025,Esa Lindell,Jamie Benn
Esa Lindell & Miro Heiskanen,Esa Lindell,Miro Heiskanen,29283,1,21,242,0.1229382235426698,2.581702694396066,29.751050097326093,0.0409794078475566,0.8605675647986886,0.040151104900934764,0.5770780214406485,Esa Lindell,Miro Heiskanen
Esa Lindell & Tyler Seguin,Esa Lindell,Tyler Seguin,27622,8,22,217,1.0426471653030194,2.867279704583303,28.281804358844397,0.3475490551010064,0.9557599015277677,0.293582640295346,0.6154801637067582,Esa Lindell,Tyler Seguin
Jamie Benn & Miro Heiskanen,Jamie Benn,Miro Heiskanen,37306,12,28,386,1.1579906717418111,2.7019782340642253,37.24869994102825,0.3859968905806037,0.9006594113547417,0.3202273606247352,0.5936983485359656,Jamie Benn,Miro Heiskanen
Jamie Benn & Tyler Seguin,Jamie Benn,Tyler Seguin,47804,24,38,488,1.8073801355535102,2.8616852146263914,36.75006275625471,0.6024600451845034,0.9538950715421304,0.45253680603421975,0.614762430568826,Jamie Benn,Tyler Seguin
Miro Heiskanen & Tyler Seguin,Miro Heiskanen,Tyler Seguin,36469,11,25,381,1.0858537387918505,2.467849406345115,37.610024952699554,0.36195124626395014,0.822616468781705,0.3036836849639316,0.5607192149049853,Miro Heiskanen,Tyler Seguin
Jacob Peterson & Joe Pavelski,Jacob Peterson,Joe Pavelski,5232,3,2,57,2.064220183486239,1.3761467889908257,39.22018348623853,0.6880733944954129,0.4587155963302752,0.4974566602429875,0.367905010527103,Jacob Peterson,Joe Pavelski
Jacob Peterson & John Klingberg,Jacob Peterson,John Klingberg,13940,5,9,120,1.291248206599713,2.3242467718794835,30.989956958393112,0.430416068866571,0.7747489239598278,0.3497615055603388,0.5391805327975994,Jacob Peterson,John Klingberg
Jacob Peterson & Roope Hintz,Jacob Peterson,Roope Hintz,5557,3,2,59,1.9434946913802413,1.2956631275868273,38.22206226381141,0.6478315637934138,0.4318877091956091,0.47682097202773766,0.35071771897855986,Jacob Peterson,Roope Hintz
Jacob Peterson & Ryan Suter,Jacob Peterson,Ryan Suter,17133,5,11,138,1.0506040973559798,2.3113290141831553,28.99667308702504,0.35020136578532657,0.7704430047277184,0.29545379606593236,0.5371920032398421,Jacob Peterson,Ryan Suter
Joe Pavelski & John Klingberg,Joe Pavelski,John Klingberg,43296,21,42,529,1.7461197339246122,3.4922394678492243,43.98558758314856,0.582039911308204,1.164079822616408,0.4412426123004971,0.6877901816912275,Joe Pavelski,John Klingberg
Joe Pavelski & Roope Hintz,Joe Pavelski,Roope Hintz,71473,59,52,808,2.9717515705231348,2.619170875715305,40.69788591496089,0.9905838568410449,0.8730569585717683,0.6286401932501362,0.5823272127249672,Joe Pavelski,Roope Hintz
Joe Pavelski & Ryan Suter,Joe Pavelski,Ryan Suter,38170,10,24,375,0.9431490699502227,2.2635577678805343,35.36809012313335,0.3143830233167409,0.7545192559601781,0.2697607240824472,0.5297633761458606,Joe Pavelski,Ryan Suter
John Klingberg & Roope Hintz,John Klingberg,Roope Hintz,39163,19,39,471,1.74654648520287,3.5850164696269435,43.29596813318694,0.5821821617342899,1.1950054898756477,0.44132209012396495,0.6972977076203621,John Klingberg,Roope Hintz
John Klingberg & Ryan Suter,John Klingberg,Ryan Suter,28229,2,29,229,0.2550568564242446,3.6983244181515462,29.204010060576003,0.08501895214141486,1.2327748060505153,0.08150512320829162,0.7085173533118254,John Klingberg,Ryan Suter
Roope Hintz & Ryan Suter,Roope Hintz,Ryan Suter,35757,14,18,364,1.409514220991694,1.8122325698464639,36.64736974578404,0.46983807366389796,0.6040775232821546,0.37489651919567546,0.45342159999939735,Roope Hintz,Ryan Suter
Jacob Peterson & Radek Faksa,Jacob Peterson,Radek Faksa,6375,1,2,28,0.5647058823529412,1.1294117647058823,15.811764705882352,0.18823529411764706,0.3764705882352941,0.17158023799809463,0.31372069792470647,Jacob Peterson,Radek Faksa
Joe Pavelski & Radek Faksa,Joe Pavelski,Radek Faksa,8935,1,5,61,0.4029099048684947,2.0145495243424736,24.577504196978175,0.13430330162283155,0.6715165081141579,0.12567515975904953,0.48906684430819625,Joe Pavelski,Radek Faksa
John Klingberg & Radek Faksa,John Klingberg,Radek Faksa,20298,1,22,116,0.17735737511084837,3.901862252438664,20.57345551285841,0.05911912503694945,1.300620750812888,0.05740552413300459,0.727637328801362,John Klingberg,Radek Faksa
Radek Faksa & Ryan Suter,Radek Faksa,Ryan Suter,28053,5,22,164,0.6416426050689766,2.823227462303497,21.04587744626243,0.21388086835632553,0.9410758207678322,0.19255542850788054,0.6097921842058553,Radek Faksa,Ryan Suter
Denis Gurianov & John Klingberg,Denis Gurianov,John Klingberg,20324,5,17,168,0.885652430623893,3.011218264121236,29.7579216689628,0.29521747687463096,1.0037394213737452,0.2556303133313189,0.6334936461976868,Denis Gurianov,John Klingberg
Denis Gurianov & Michael Raffl,Denis Gurianov,Michael Raffl,11334,0,3,72,0,0.9528851244044468,22.869242985706723,0,0.31762837480148226,0,0.27212676580559714,Denis Gurianov,Michael Raffl
Denis Gurianov & Radek Faksa,Denis Gurianov,Radek Faksa,7943,2,4,46,0.9064585169331487,1.8129170338662974,20.848545889462418,0.3021528389777162,0.6043056779554324,0.2607749261495551,0.4535462901908044,Denis Gurianov,Radek Faksa
Denis Gurianov & Ryan Suter,Denis Gurianov,Ryan Suter,29413,11,13,294,1.3463434535749499,1.5911331724067588,35.98408866827593,0.44878115119164996,0.5303777241355863,0.3615942022451929,0.41161731864054385,Denis Gurianov,Ryan Suter
John Klingberg & Michael Raffl,John Klingberg,Michael Raffl,18213,1,22,98,0.19766101136550818,4.34854225004118,19.3707791138198,0.06588700378850272,1.44951408334706,0.0637633504906987,0.7653157025996655,John Klingberg,Michael Raffl
Michael Raffl & Radek Faksa,Michael Raffl,Radek Faksa,37808,9,30,265,0.856961489631824,2.8565382987727466,25.232754972492597,0.2856538298772746,0.9521794329242488,0.24847727436264844,0.6141009348360935,Michael Raffl,Radek Faksa
Michael Raffl & Ryan Suter,Michael Raffl,Ryan Suter,26323,2,19,167,0.273525054135167,2.5984880142840865,22.83934202028644,0.09117501804505565,0.8661626714280288,0.08714206969294569,0.5794377075031432,Michael Raffl,Ryan Suter
Andrej Sekera & Denis Gurianov,Andrej Sekera,Denis Gurianov,6392,0,2,45,0,1.1264080100125158,25.3441802252816,0,0.3754693366708386,0,0.31303321558590014,Andrej Sekera,Denis Gurianov
Andrej Sekera & Jani Hakanpaa,Andrej Sekera,Jani Hakanpaa,12747,1,7,88,0.28241939279830547,1.9769357495881383,24.85290656625088,0.09413979759943515,0.6589785831960461,0.0898444842096201,0.48262047516478,Andrej Sekera,Jani Hakanpaa
Andrej Sekera & Michael Raffl,Andrej Sekera,Michael Raffl,6435,1,4,43,0.5594405594405595,2.237762237762238,24.055944055944057,0.1864801864801865,0.745920745920746,0.17012499546670234,0.5257026085584701,Andrej Sekera,Michael Raffl
Andrej Sekera & Radek Faksa,Andrej Sekera,Radek Faksa,8000,1,8,52,0.45,3.6,23.4,0.15,1.2,0.1392920235749422,0.6988057880877978,Andrej Sekera,Radek Faksa
Denis Gurianov & Jani Hakanpaa,Denis Gurianov,Jani Hakanpaa,14277,3,6,99,0.7564614414793024,1.5129228829586048,24.96322756881698,0.2521538138264341,0.5043076276528682,0.222874803724466,0.3960764293137127,Denis Gurianov,Jani Hakanpaa
Jani Hakanpaa & Michael Raffl,Jani Hakanpaa,Michael Raffl,24883,6,22,169,0.8680625326528152,3.1828959530603225,24.450428003054295,0.2893541775509384,1.0609653176867742,0.2512530309327127,0.6538784682228823,Jani Hakanpaa,Michael Raffl
Jani Hakanpaa & Radek Faksa,Jani Hakanpaa,Radek Faksa,29124,0,24,176,0,2.9666254635352285,21.755253399258343,0,0.9888751545117428,0,0.6280051074515616,Jani Hakanpaa,Radek Faksa
Andrej Sekera & Joel Kiviranta,Andrej Sekera,Joel Kiviranta,3915,0,3,19,0,2.7586206896551726,17.471264367816094,0,0.9195402298850575,0,0.6012976896425206,Andrej Sekera,Joel Kiviranta
Jani Hakanpaa & Joel Kiviranta,Jani Hakanpaa,Joel Kiviranta,12068,0,9,79,0,2.6847862114683463,23.56645674511104,0,0.8949287371561154,0,0.59136328178208,Jani Hakanpaa,Joel Kiviranta
Joel Kiviranta & Michael Raffl,Joel Kiviranta,Michael Raffl,3777,1,4,27,0.9531374106433678,3.812549642573471,25.73471008737093,0.3177124702144559,1.2708498808578237,0.2721879740321176,0.7194069502479821,Joel Kiviranta,Michael Raffl
Joel Kiviranta & Radek Faksa,Joel Kiviranta,Radek Faksa,9072,0,5,62,0,1.984126984126984,24.6031746031746,0,0.6613756613756613,0,0.48385918909414105,Joel Kiviranta,Radek Faksa
Esa Lindell & Joel Kiviranta,Esa Lindell,Joel Kiviranta,13032,2,14,101,0.5524861878453038,3.8674033149171274,27.900552486187845,0.18416206261510126,1.289134438305709,0.16819901094078082,0.7244908499190613,Esa Lindell,Joel Kiviranta
Esa Lindell & Luke Glendening,Esa Lindell,Luke Glendening,28737,2,29,174,0.2505480739116818,3.632947071719386,21.797682430316318,0.08351602463722727,1.2109823572397953,0.08012365413160771,0.7020955129895253,Esa Lindell,Luke Glendening
Esa Lindell & Tanner Kero,Esa Lindell,Tanner Kero,4532,0,4,26,0,3.177405119152692,20.6531332744925,0,1.0591350397175638,0,0.6532443895154662,Esa Lindell,Tanner Kero
Joel Kiviranta & Luke Glendening,Joel Kiviranta,Luke Glendening,12269,3,6,88,0.8802673404515446,1.7605346809030893,25.821175319911973,0.29342244681718155,0.5868448936343631,0.25429294742299036,0.443920991736909,Joel Kiviranta,Luke Glendening
Joel Kiviranta & Miro Heiskanen,Joel Kiviranta,Miro Heiskanen,11298,1,8,91,0.3186404673393521,2.5491237387148167,28.99628252788104,0.10621348911311736,0.8497079129049389,0.10076734879915905,0.5724602074312144,Joel Kiviranta,Miro Heiskanen
Joel Kiviranta & Tanner Kero,Joel Kiviranta,Tanner Kero,3162,0,3,18,0,3.415559772296015,20.49335863377609,0,1.1385199240986716,0,0.6797072712821108,Joel Kiviranta,Tanner Kero
Luke Glendening & Miro Heiskanen,Luke Glendening,Miro Heiskanen,22122,6,23,120,0.9764035801464606,3.7428803905614316,19.52807160292921,0.32546786004882017,1.2476267968538104,0.27781060897510856,0.7128144616050267,Luke Glendening,Miro Heiskanen
Luke Glendening & Tanner Kero,Luke Glendening,Tanner Kero,5284,1,3,31,0.6813020439061317,2.043906131718395,21.12036336109008,0.2271006813020439,0.6813020439061317,0.20315944869289948,0.4940422159498471,Luke Glendening,Tanner Kero
Miro Heiskanen & Tanner Kero,Miro Heiskanen,Tanner Kero,4831,0,4,25,0,2.9807493272614365,18.62968329538398,0,0.9935831090871454,0,0.6297523263670838,Miro Heiskanen,Tanner Kero
Alexander Radulov & Luke Glendening,Alexander Radulov,Luke Glendening,3433,0,3,22,0,3.145936498689193,23.070200990387416,0,1.0486454995630643,0,0.649587938899392,Alexander Radulov,Luke Glendening
Alexander Radulov & Tanner Kero,Alexander Radulov,Tanner Kero,1812,0,2,11,0,3.9735099337748343,21.85430463576159,0,1.324503311258278,0,0.7340649867815927,Alexander Radulov,Tanner Kero
Alexander Radulov & John Klingberg,Alexander Radulov,John Klingberg,24303,1,23,216,0.148129860511048,3.4069867917541043,31.99604987038637,0.049376620170349335,1.1356622639180347,0.048177413399246305,0.6787906744677581,Alexander Radulov,John Klingberg
Alexander Radulov & Ryan Suter,Alexander Radulov,Ryan Suter,23012,3,18,203,0.4693203545976012,2.8159221275856074,31.757343994437687,0.1564401181992004,0.9386407091952025,0.14481727394868082,0.608840826777253,Alexander Radulov,Ryan Suter
Jamie Benn & John Klingberg,Jamie Benn,John Klingberg,27233,10,32,232,1.3219256049645651,4.230161935886608,30.668674035177908,0.4406418683215217,1.4100539786288693,0.3563768328519651,0.7558698950105623,Jamie Benn,John Klingberg
Jamie Benn & Ryan Suter,Jamie Benn,Ryan Suter,40740,13,36,390,1.1487481590574373,3.1811487481590572,34.46244477172313,0.3829160530191458,1.060382916053019,0.31812986217713934,0.653676827765131,Jamie Benn,Ryan Suter
John Klingberg & Tyler Seguin,John Klingberg,Tyler Seguin,32795,12,35,321,1.3172739746912638,3.84204909284952,35.23707882299131,0.4390913248970879,1.2806830309498398,0.3553780930877396,0.7221525427864406,John Klingberg,Tyler Seguin
Ryan Suter & Tyler Seguin,Ryan Suter,Tyler Seguin,40600,15,37,389,1.330049261083744,3.2807881773399012,34.49261083743843,0.4433497536945813,1.0935960591133003,0.3581173330110474,0.6649903893674824,Ryan Suter,Tyler Seguin
Esa Lindell & Joe Pavelski,Esa Lindell,Joe Pavelski,28156,6,23,255,0.7671544253445092,2.940758630487285,32.60406307714164,0.25571814178150304,0.9802528768290949,0.22563980217818613,0.6247837966302622,Esa Lindell,Joe Pavelski
Esa Lindell & Roope Hintz,Esa Lindell,Roope Hintz,25876,14,28,216,1.9477508115628381,3.8955016231256763,30.051012521255217,0.649250270520946,1.298500541041892,0.4775626833745815,0.7270592501972322,Esa Lindell,Roope Hintz
Joe Pavelski & Miro Heiskanen,Joe Pavelski,Miro Heiskanen,35428,10,23,368,1.01614542170035,2.3371344699108048,37.394151518572876,0.3387151405667833,0.7790448233036016,0.2873145646542815,0.5411559207724597,Joe Pavelski,Miro Heiskanen
Joe Pavelski & Tyler Seguin,Joe Pavelski,Tyler Seguin,13108,12,15,173,3.295697284101312,4.11962160512664,47.512969179127246,1.0985657613671038,1.3732072017088799,0.6666511572055275,0.7467067072279133,Joe Pavelski,Tyler Seguin
Miro Heiskanen & Roope Hintz,Miro Heiskanen,Roope Hintz,32503,15,24,347,1.661385102913577,2.6582161646617237,38.433375380734084,0.5537950343045257,0.8860720548872412,0.4252355844947472,0.5877280418856303,Miro Heiskanen,Roope Hintz
Roope Hintz & Tyler Seguin,Roope Hintz,Tyler Seguin,7506,8,7,120,3.8369304556354917,3.357314148681055,57.55395683453237,1.2789768185451638,1.1191047162270182,0.7216780713489142,0.673427961570334,Roope Hintz,Tyler Seguin
Esa Lindell & Jacob Peterson,Esa Lindell,Jacob Peterson,13964,6,6,117,1.5468347178458894,1.5468347178458894,30.163276997994842,0.5156115726152964,0.5156115726152964,0.4028647086669257,0.4028647086669257,Esa Lindell,Jacob Peterson
Jacob Peterson & Miro Heiskanen,Jacob Peterson,Miro Heiskanen,15104,4,9,128,0.9533898305084746,2.145127118644068,30.508474576271187,0.3177966101694915,0.715042372881356,0.2722492095270448,0.5108286162438254,Jacob Peterson,Miro Heiskanen
Esa Lindell & Michael Raffl,Esa Lindell,Michael Raffl,30351,5,33,213,0.5930611841454977,3.9142038153602847,25.2644064445982,0.19768706138183256,1.3047346051200948,0.17937338128010405,0.7287554876012401,Esa Lindell,Michael Raffl
Joe Pavelski & Michael Raffl,Joe Pavelski,Michael Raffl,7084,2,3,48,1.0163749294184077,1.5245623941276116,24.392998306041786,0.3387916431394692,0.5081874647092038,0.2873690848381074,0.39841501476362573,Joe Pavelski,Michael Raffl
Michael Raffl & Miro Heiskanen,Michael Raffl,Miro Heiskanen,24791,3,15,165,0.43564196684280587,2.1782098342140293,23.96030817635432,0.14521398894760196,0.7260699447380097,0.1351627922955918,0.5161933544445628,Michael Raffl,Miro Heiskanen
Michael Raffl & Roope Hintz,Michael Raffl,Roope Hintz,5256,2,5,29,1.36986301369863,3.4246575342465753,19.863013698630137,0.45662100456621,1.141552511415525,0.36657964199961257,0.6806771156367851,Michael Raffl,Roope Hintz
Denis Gurianov & Esa Lindell,Denis Gurianov,Esa Lindell,21507,3,11,169,0.5021620867624494,1.8412609847956478,28.288464220951315,0.1673873622541498,0.6137536615985493,0.15412811097399548,0.4586848631021512,Denis Gurianov,Esa Lindell
Denis Gurianov & Miro Heiskanen,Denis Gurianov,Miro Heiskanen,26290,6,8,252,0.8216051730696082,1.0954735640928108,34.50741726892355,0.2738683910232027,0.3651578546976036,0.23956785162755123,0.30591292267584536,Denis Gurianov,Miro Heiskanen
Esa Lindell & Radek Faksa,Esa Lindell,Radek Faksa,31759,4,29,202,0.45341478006234454,3.2872571554519983,22.8974463931484,0.1511382600207815,1.095752385150666,0.1402711756835061,0.6657120010190516,Esa Lindell,Radek Faksa
Miro Heiskanen & Radek Faksa,Miro Heiskanen,Radek Faksa,23533,5,16,136,0.7648833552883185,2.4476267369226195,20.804827263842263,0.25496111842943947,0.8158755789742065,0.22505337148266724,0.5577480687041692,Miro Heiskanen,Radek Faksa
Andrej Sekera & Miro Heiskanen,Andrej Sekera,Miro Heiskanen,1298,1,3,9,2.773497688751926,8.320493066255779,24.961479198767336,0.9244992295839753,2.773497688751926,0.6032699599937177,0.9375567845954516,Andrej Sekera,Miro Heiskanen
Andrej Sekera & Tanner Kero,Andrej Sekera,Tanner Kero,2504,0,1,18,0,1.4376996805111821,25.878594249201278,0,0.4792332268370607,0,0.3807419597447588,Andrej Sekera,Tanner Kero
Denis Gurianov & Tanner Kero,Denis Gurianov,Tanner Kero,2856,0,1,20,0,1.2605042016806722,25.210084033613445,0,0.4201680672268907,0,0.34306359894273974,Denis Gurianov,Tanner Kero
Jani Hakanpaa & Tanner Kero,Jani Hakanpaa,Tanner Kero,4791,0,6,25,0,4.508453350031308,18.78522229179712,0,1.5028177833437693,0,0.7774976873158448,Jani Hakanpaa,Tanner Kero
Radek Faksa & Tanner Kero,Radek Faksa,Tanner Kero,3145,0,2,14,0,2.289348171701113,16.025437201907792,0,0.7631160572337042,0,0.533788580222709,Radek Faksa,Tanner Kero
Andrej Sekera & Luke Glendening,Andrej Sekera,Luke Glendening,7257,0,8,38,0,3.9685820587019434,18.85076477883423,0,1.3228606862339811,0,0.7336277963023354,Andrej Sekera,Luke Glendening
Denis Gurianov & Luke Glendening,Denis Gurianov,Luke Glendening,3112,0,0,16,0,0,18.50899742930591,0,0,0,0,Denis Gurianov,Luke Glendening
Jani Hakanpaa & Luke Glendening,Jani Hakanpaa,Luke Glendening,27425,1,25,151,0.13126709206927983,3.2816773017319965,19.82133090246126,0.04375569735642661,1.0938924339106655,0.04281222758572345,0.6650896630611121,Jani Hakanpaa,Luke Glendening
Jani Hakanpaa & Ryan Suter,Jani Hakanpaa,Ryan Suter,15462,0,16,107,0,3.725261932479627,24.912689173457508,0,1.241753977493209,0,0.7111229105900787,Jani Hakanpaa,Ryan Suter
Joel Kiviranta & Ryan Suter,Joel Kiviranta,Ryan Suter,11100,1,3,95,0.32432432432432434,0.972972972972973,30.810810810810807,0.10810810810810811,0.32432432432432434,0.10246943914554008,0.27698428723245005,Joel Kiviranta,Ryan Suter
Luke Glendening & Ryan Suter,Luke Glendening,Ryan Suter,24208,8,26,140,1.1896893588896231,3.866490416391276,20.819563780568405,0.39656311962987434,1.288830138797092,0.3273721806576968,0.7244069998629538,Luke Glendening,Ryan Suter
Ryan Suter & Tanner Kero,Ryan Suter,Tanner Kero,3808,0,2,27,0,1.8907563025210083,25.525210084033613,0,0.6302521008403361,0,0.4675424489107233,Ryan Suter,Tanner Kero
Miro Heiskanen & Ryan Suter,Miro Heiskanen,Ryan Suter,70901,7,37,633,0.3554251703078941,1.8786759001988689,32.140590400699566,0.11847505676929804,0.6262253000662896,0.11172602819691435,0.46539402569880206,Miro Heiskanen,Ryan Suter
Andrej Sekera & Roope Hintz,Andrej Sekera,Roope Hintz,5194,1,4,45,0.693107431651906,2.772429726607624,31.18983442433577,0.23103581055063532,0.9241432422025413,0.20628895770315903,0.6031287039644493,Andrej Sekera,Roope Hintz
Jani Hakanpaa & Roope Hintz,Jani Hakanpaa,Roope Hintz,17945,10,13,121,2.0061298411813877,2.607968793535804,24.274171078294792,0.6687099470604625,0.8693229311786013,0.48763086507326747,0.5807646956706694,Jani Hakanpaa,Roope Hintz
Luke Glendening & Roope Hintz,Luke Glendening,Roope Hintz,3445,1,7,11,1.0449927431059505,7.314949201741654,11.494920174165456,0.34833091436865016,2.4383164005805513,0.2941347433932683,0.912692280980723,Luke Glendening,Roope Hintz
Esa Lindell & Ryan Suter,Esa Lindell,Ryan Suter,5087,1,3,50,0.7076862590918027,2.123058777275408,35.38431295459013,0.23589541969726757,0.7076862590918026,0.21013672624614332,0.5072169482482727,Esa Lindell,Ryan Suter
Jamie Benn & Radek Faksa,Jamie Benn,Radek Faksa,4298,2,5,21,1.6751977664029782,4.187994416007445,17.589576547231268,0.5583992554676593,1.3959981386691482,0.42787584414654556,0.7524142119552786,Jamie Benn,Radek Faksa
Radek Faksa & Tyler Seguin,Radek Faksa,Tyler Seguin,5328,3,9,48,2.027027027027027,6.081081081081082,32.432432432432435,0.6756756756756757,2.027027027027027,0.4911874878026118,0.8682734409121465,Radek Faksa,Tyler Seguin
Jacob Peterson & Jamie Benn,Jacob Peterson,Jamie Benn,10786,3,6,97,1.001297978861487,2.002595957722974,32.375301316521416,0.333765992953829,0.667531985907658,0.2837786365354825,0.4870269585170276,Jacob Peterson,Jamie Benn
Jacob Peterson & Tyler Seguin,Jacob Peterson,Tyler Seguin,11654,5,7,93,1.5445340655568902,2.1623476917796465,28.72833361935816,0.5148446885189634,0.7207825639265488,0.402406599472767,0.5136285097905066,Jacob Peterson,Tyler Seguin
Jamie Benn & Joe Pavelski,Jamie Benn,Joe Pavelski,10492,4,12,108,1.3724742661075104,4.117422798322531,37.056805184902785,0.4574914220358368,1.3724742661075102,0.36713074226638953,0.746520991505534,Jamie Benn,Joe Pavelski
Andrej Sekera & Jacob Peterson,Andrej Sekera,Jacob Peterson,6126,2,4,37,1.1753183153770812,2.3506366307541624,21.743388834476004,0.39177277179236036,0.7835455435847207,0.3241423295591428,0.5432164093062576,Andrej Sekera,Jacob Peterson
Andrej Sekera & Joe Pavelski,Andrej Sekera,Joe Pavelski,5331,2,5,40,1.3505908835115363,3.376477208778841,27.011817670230727,0.4501969611705121,1.1254924029262803,0.3624974239981551,0.6755073531153379,Andrej Sekera,Joe Pavelski
Andrej Sekera & Tyler Seguin,Andrej Sekera,Tyler Seguin,7360,1,6,46,0.4891304347826087,2.934782608695652,22.5,0.16304347826086957,0.9782608695652173,0.15044574952972756,0.624035618286681,Andrej Sekera,Tyler Seguin
Jacob Peterson & Jani Hakanpaa,Jacob Peterson,Jani Hakanpaa,12084,3,8,82,0.8937437934458788,2.3833167825223436,24.428997020854023,0.29791459781529295,0.7944389275074478,0.25763526338902343,0.5481653241756294,Jacob Peterson,Jani Hakanpaa
Jani Hakanpaa & Joe Pavelski,Jani Hakanpaa,Joe Pavelski,19076,7,16,146,1.3210316628223946,3.019500943594045,27.55294611029566,0.44034388760746485,1.0065003145313483,0.3561850169837394,0.6345041355137245,Jani Hakanpaa,Joe Pavelski
Denis Gurianov & Roope Hintz,Denis Gurianov,Roope Hintz,5220,1,1,36,0.6896551724137931,0.6896551724137931,24.82758620689655,0.22988505747126436,0.22988505747126436,0.20537506654642423,0.20537506654642423,Denis Gurianov,Roope Hintz
Alexander Radulov & Andrej Sekera,Alexander Radulov,Andrej Sekera,6441,1,5,42,0.5589194224499301,2.7945971122496505,23.474615742897065,0.1863064741499767,0.9315323707498835,0.16998082342401377,0.606050429192314,Alexander Radulov,Andrej Sekera
Alexander Radulov & Jani Hakanpaa,Alexander Radulov,Jani Hakanpaa,14506,2,12,95,0.4963463394457466,2.9780780366744795,23.576451123672964,0.16544877981524886,0.9926926788914932,0.1524867281204223,0.6294224998366523,Alexander Radulov,Jani Hakanpaa
Alexander Radulov & Roope Hintz,Alexander Radulov,Roope Hintz,10082,4,5,124,1.428288038087681,1.7853600476096014,44.27692918071811,0.47609601269589363,0.5951200158698671,0.37879616407088146,0.44850362642115693,Alexander Radulov,Roope Hintz
Roope Hintz & Tanner Kero,Roope Hintz,Tanner Kero,516,0,3,4,0,20.930232558139533,27.906976744186046,0,6.976744186046511,0,0.9990666629665316,Roope Hintz,Tanner Kero
Alexander Radulov & Jacob Peterson,Alexander Radulov,Jacob Peterson,22904,8,13,192,1.2574222843171499,2.0433112120153685,30.178134823611597,0.41914076143904994,0.6811037373384561,0.34238837760567986,0.4939418712491256,Alexander Radulov,Jacob Peterson
Esa Lindell & John Klingberg,Esa Lindell,John Klingberg,35134,2,32,281,0.20492969772869585,3.2788751636591336,28.79262253088177,0.06830989924289861,1.0929583878863778,0.06602900817881285,0.6647766952519862,Esa Lindell,John Klingberg
Denis Gurianov & Jamie Benn,Denis Gurianov,Jamie Benn,37899,17,25,372,1.6148183329375445,2.3747328425552126,35.33602469722157,0.5382727776458481,0.7915776141850708,0.4162443420614108,0.5468706322218291,Denis Gurianov,Jamie Benn
Denis Gurianov & Tyler Seguin,Denis Gurianov,Tyler Seguin,35979,19,23,358,1.9011089802384724,2.301342449762361,35.82089552238806,0.6337029934128241,0.767114149920787,0.46937673593488405,0.5356488155162451,Denis Gurianov,Tyler Seguin
Alexander Radulov & Joe Pavelski,Alexander Radulov,Joe Pavelski,8421,7,6,121,2.9925187032418954,2.5650160313501957,51.727823298895615,0.9975062344139651,0.8550053437833985,0.6312020088902703,0.5747190815329098,Alexander Radulov,Joe Pavelski
Alexander Radulov & Radek Faksa,Alexander Radulov,Radek Faksa,11704,1,10,68,0.30758714969241285,3.0758714969241283,20.915926179084074,0.10252904989747094,1.0252904989747094,0.0974480696689467,0.6413077494614892,Alexander Radulov,Radek Faksa
Alexander Radulov & Michael Raffl,Alexander Radulov,Michael Raffl,7477,2,4,54,0.962953056038518,1.925906112077036,25.99973251303999,0.3209843520128393,0.6419687040256786,0.27456539750732745,0.47374463750629814,Alexander Radulov,Michael Raffl
Luke Glendening & Michael Raffl,Luke Glendening,Michael Raffl,33597,6,31,207,0.6429145459416019,3.32172515403161,22.180551834985266,0.21430484864720062,1.1072417180105365,0.19289769652959243,0.66953076756258,Luke Glendening,Michael Raffl
Luke Glendening & Radek Faksa,Luke Glendening,Radek Faksa,34459,7,29,206,0.7313038683653037,3.0296874546562584,21.521228126178936,0.24376795612176788,1.0098958182187527,0.2163305411331089,0.6357430734697643,Luke Glendening,Radek Faksa
Jani Hakanpaa & John Klingberg,Jani Hakanpaa,John Klingberg,646,0,1,0,0,5.572755417956657,0,0,1.8575851393188856,0,0.843950987645679,Jani Hakanpaa,John Klingberg
Jamie Benn & Luke Glendening,Jamie Benn,Luke Glendening,4466,0,6,19,0,4.83654276757725,15.315718763994624,0,1.61218092252575,0,0.8005478502953786,Jamie Benn,Luke Glendening
Andrej Sekera & Ryan Suter,Andrej Sekera,Ryan Suter,4776,0,3,26,0,2.261306532663317,19.597989949748744,0,0.7537688442211056,0,0.529410372630753,Andrej Sekera,Ryan Suter
Jani Hakanpaa & Tyler Seguin,Jani Hakanpaa,Tyler Seguin,19828,8,20,145,1.4524914262658868,3.631228565664716,26.326407101069194,0.4841638087552956,1.2104095218882387,0.3837877473177782,0.7019248138814044,Jani Hakanpaa,Tyler Seguin
John Klingberg & Miro Heiskanen,John Klingberg,Miro Heiskanen,5520,1,14,64,0.6521739130434783,9.130434782608695,41.73913043478261,0.21739130434782608,3.043478260869565,0.19538494167464715,0.952331203704938,John Klingberg,Miro Heiskanen
Jamie Benn & Jani Hakanpaa,Jamie Benn,Jani Hakanpaa,17541,4,16,113,0.8209338122113905,3.283735248845562,23.19138019497178,0.2736446040704635,1.094578416281854,0.2393976577914323,0.6653193268665138,Jamie Benn,Jani Hakanpaa
Denis Gurianov & Jacob Peterson,Denis Gurianov,Jacob Peterson,6245,4,3,54,2.3058446757405924,1.7293835068054444,31.128903122498,0.7686148919135307,0.5764611689351481,0.5363451641876392,0.43811673766789416,Denis Gurianov,Jacob Peterson
Joe Pavelski & Tanner Kero,Joe Pavelski,Tanner Kero,949,0,2,1,0,7.586933614330874,3.793466807165437,0,2.5289778714436246,0,0.920259516328761,Joe Pavelski,Tanner Kero
John Klingberg & Luke Glendening,John Klingberg,Luke Glendening,15963,3,17,117,0.6765645555346739,3.833865814696486,26.386017665852282,0.22552151851155794,1.2779552715654954,0.20190011365851757,0.7213936071512921,John Klingberg,Luke Glendening
John Klingberg & Tanner Kero,John Klingberg,Tanner Kero,2827,0,2,25,0,2.5468694729395116,31.835868411743895,0,0.8489564909798372,0,0.5721388239250405,John Klingberg,Tanner Kero
Esa Lindell & Jani Hakanpaa,Esa Lindell,Jani Hakanpaa,32584,4,38,184,0.4419346918733121,4.198379572796465,20.328995826172356,0.14731156395777067,1.3994598575988215,0.1369749519754757,0.7532698026028868,Esa Lindell,Jani Hakanpaa
Luke Glendening & Tyler Seguin,Luke Glendening,Tyler Seguin,8954,1,7,64,0.40205494750949294,2.8143846325664508,25.73151664060755,0.13401831583649765,0.9381282108554836,0.12542595409859325,0.6086403069717659,Luke Glendening,Tyler Seguin
Tanner Kero & Tyler Seguin,Tanner Kero,Tyler Seguin,2760,3,2,21,3.9130434782608696,2.608695652173913,27.39130434782609,1.3043478260869565,0.8695652173913043,0.7286505556195534,0.5808662583006774,Tanner Kero,Tyler Seguin
Jani Hakanpaa & Miro Heiskanen,Jani Hakanpaa,Miro Heiskanen,1270,0,0,3,0,0,8.503937007874015,0,0,0,0,Jani Hakanpaa,Miro Heiskanen
Jamie Benn & Roope Hintz,Jamie Benn,Roope Hintz,4136,3,9,36,2.6112185686653775,7.833655705996131,31.334622823984525,0.8704061895551258,2.611218568665377,0.5812185899390496,0.9265550085538903,Jamie Benn,Roope Hintz
Michael Raffl & Tyler Seguin,Michael Raffl,Tyler Seguin,9239,4,12,65,1.558610239203377,4.675830717610131,25.327416387054875,0.5195367464011256,1.558610239203377,0.4052039744432885,0.7895716868993935,Michael Raffl,Tyler Seguin
Andrej Sekera & Jamie Benn,Andrej Sekera,Jamie Benn,5660,0,1,40,0,0.6360424028268551,25.441696113074205,0,0.21201413427561835,0,0.19104673648269488,Andrej Sekera,Jamie Benn
Andrej Sekera & Esa Lindell,Andrej Sekera,Esa Lindell,2172,0,1,17,0,1.6574585635359116,28.1767955801105,0,0.5524861878453038,0,0.4244828136013302,Andrej Sekera,Esa Lindell
Jacob Peterson & Joel Kiviranta,Jacob Peterson,Joel Kiviranta,8309,3,10,71,1.2997954025755205,4.332651341918401,30.76182452762065,0.43326513419184015,1.4442171139728004,0.35161144096324315,0.7640692888703502,Jacob Peterson,Joel Kiviranta
Jacob Peterson & Luke Glendening,Jacob Peterson,Luke Glendening,5063,2,4,30,1.4220817697017578,2.8441635394035156,21.33122654552637,0.4740272565672526,0.9480545131345052,0.37750971461187355,0.6125058445974088,Jacob Peterson,Luke Glendening
Joe Pavelski & Luke Glendening,Joe Pavelski,Luke Glendening,1899,1,5,11,1.895734597156398,9.47867298578199,20.85308056872038,0.6319115323854659,3.1595576619273302,0.46842529305514036,0.9575554882477622,Joe Pavelski,Luke Glendening
Denis Gurianov & Joel Hanley,Denis Gurianov,Joel Hanley,6964,0,5,53,0,2.5847214244686962,27.39804709936818,0,0.8615738081562321,0,0.5775033698344454,Denis Gurianov,Joel Hanley
Jani Hakanpaa & Joel Hanley,Jani Hakanpaa,Joel Hanley,14270,2,10,91,0.5045550105115627,2.5227750525578134,22.957252978276102,0.16818500350385424,0.8409250175192711,0.15480254427098117,0.568688631727128,Jani Hakanpaa,Joel Hanley
Joel Hanley & Michael Raffl,Joel Hanley,Michael Raffl,7701,1,7,37,0.4674717569146864,3.272302298402805,17.296455005843395,0.15582391897156211,1.090767432800935,0.1442901486229683,0.6640414308762013,Joel Hanley,Michael Raffl
Joel Hanley & Radek Faksa,Joel Hanley,Radek Faksa,9163,2,6,43,0.7857688529957437,2.357306558987231,16.89403033940849,0.2619229509985812,0.7857688529957436,0.23042968395228836,0.5442308524338967,Joel Hanley,Radek Faksa
Joel Kiviranta & Tyler Seguin,Joel Kiviranta,Tyler Seguin,8006,3,8,64,1.3489882588058957,3.5973020234823885,28.778416187859108,0.44966275293529856,1.1991006744941295,0.36215677389114,0.6985347946133976,Joel Kiviranta,Tyler Seguin
Jamie Benn & Joel Kiviranta,Jamie Benn,Joel Kiviranta,2003,0,1,11,0,1.797304043934099,19.77034448327509,0,0.5991013479780329,0,0.4506949515497185,Jamie Benn,Joel Kiviranta
Jacob Peterson & Joel Hanley,Jacob Peterson,Joel Hanley,6741,0,3,39,0,1.6021361815754338,20.827770360480642,0,0.5340453938584779,0,0.41377135941672794,Jacob Peterson,Joel Hanley
Joe Pavelski & Joel Hanley,Joe Pavelski,Joel Hanley,8644,3,6,69,1.2494215640906987,2.4988431281813974,28.736695974086068,0.41647385469689957,0.8329477093937991,0.3406322480601941,0.5652341677018466,Joe Pavelski,Joel Hanley
Joel Hanley & Roope Hintz,Joel Hanley,Roope Hintz,7821,2,8,55,0.9205983889528194,3.6823935558112777,25.31645569620253,0.3068661296509398,1.2274645186037592,0.264250910697826,0.706965379605953,Joel Hanley,Roope Hintz
Joel Hanley & Joel Kiviranta,Joel Hanley,Joel Kiviranta,5837,1,5,34,0.6167551824567415,3.0837759122837074,20.969676203529207,0.20558506081891384,1.027925304094569,0.18582916241651304,0.6422515896761201,Joel Hanley,Joel Kiviranta
Joel Kiviranta & Roope Hintz,Joel Kiviranta,Roope Hintz,2818,1,3,25,1.27750177430802,3.8325053229240598,31.937544357700496,0.42583392476933996,1.27750177430802,0.34677518242486516,0.7212672312628265,Joel Kiviranta,Roope Hintz
Joel Hanley & Luke Glendening,Joel Hanley,Luke Glendening,8951,1,6,45,0.402189699474919,2.413138196849514,18.098536476371354,0.13406323315830632,0.804379398949838,0.12546523674021637,0.5526345240891046,Joel Hanley,Luke Glendening
Joel Hanley & Tanner Kero,Joel Hanley,Tanner Kero,3115,1,3,17,1.1556982343499198,3.467094703049759,19.646869983948637,0.3852327447833066,1.1556982343499196,0.3197077167026653,0.6851623703087347,Joel Hanley,Tanner Kero
Jamie Benn & Joel Hanley,Jamie Benn,Joel Hanley,8599,1,8,74,0.4186533317827654,3.3492266542621234,30.980346551924644,0.13955111059425512,1.116408884754041,0.13025143129783867,0.672546390641515,Jamie Benn,Joel Hanley
Alexander Radulov & Denis Gurianov,Alexander Radulov,Denis Gurianov,5049,2,3,53,1.4260249554367201,2.1390374331550803,37.78966131907308,0.47534165181224003,0.7130124777183601,0.3783273754005939,0.5098346411267256,Alexander Radulov,Denis Gurianov
Joel Hanley & Tyler Seguin,Joel Hanley,Tyler Seguin,10325,4,9,90,1.3946731234866827,3.138014527845036,31.38014527845036,0.46489104116222757,1.046004842615012,0.3717964502105794,0.6486613980557099,Joel Hanley,Tyler Seguin
Radek Faksa & Roope Hintz,Radek Faksa,Roope Hintz,2628,1,4,7,1.36986301369863,5.47945205479452,9.58904109589041,0.45662100456621,1.82648401826484,0.36657964199961257,0.839021428360879,Radek Faksa,Roope Hintz
Denis Gurianov & Joe Pavelski,Denis Gurianov,Joe Pavelski,2592,0,0,22,0,0,30.555555555555554,0,0,0,0,Denis Gurianov,Joe Pavelski
Alexander Radulov & Joel Hanley,Alexander Radulov,Joel Hanley,7734,1,8,51,0.46547711404189296,3.7238169123351437,23.73933281613654,0.1551590380139643,1.2412723041117144,0.14372101425522343,0.7109837326691274,Alexander Radulov,Joel Hanley
Joel Hanley & Miro Heiskanen,Joel Hanley,Miro Heiskanen,1644,0,2,6,0,4.37956204379562,13.13868613138686,0,1.4598540145985401,0,0.7677298196896415,Joel Hanley,Miro Heiskanen
Andrej Sekera & Joel Hanley,Andrej Sekera,Joel Hanley,3872,0,3,21,0,2.7892561983471076,19.524793388429753,0,0.9297520661157025,0,0.605348454266573,Andrej Sekera,Joel Hanley
Alexander Radulov & Joel Kiviranta,Alexander Radulov,Joel Kiviranta,9036,2,5,81,0.796812749003984,1.9920318725099602,32.27091633466136,0.2656042496679947,0.6640106241699867,0.2332574939326858,0.4852174107099513,Alexander Radulov,Joel Kiviranta
Joe Pavelski & Joel Kiviranta,Joe Pavelski,Joel Kiviranta,2380,0,2,18,0,3.025210084033614,27.22689075630252,0,1.0084033613445378,0,0.635199029835938,Joe Pavelski,Joel Kiviranta
Jamie Benn & Michael Raffl,Jamie Benn,Michael Raffl,10760,1,9,65,0.33457249070631967,3.0111524163568775,21.74721189591078,0.11152416356877322,1.003717472118959,0.10553022243985055,0.6334856015680599,Jamie Benn,Michael Raffl
Jamie Benn & Tanner Kero,Jamie Benn,Tanner Kero,730,0,0,5,0,0,24.65753424657534,0,0,0,0,Jamie Benn,Tanner Kero
Denis Gurianov & Joel Kiviranta,Denis Gurianov,Joel Kiviranta,4035,0,2,27,0,1.784386617100372,24.08921933085502,0,0.5947955390334573,0,0.4483246495872185,Denis Gurianov,Joel Kiviranta
Joel Kiviranta & John Klingberg,Joel Kiviranta,John Klingberg,11105,0,8,94,0,2.5934263845114813,30.472760018009907,0,0.864475461503827,0,0.5787275316901277,Joel Kiviranta,John Klingberg
Michael Raffl & Tanner Kero,Michael Raffl,Tanner Kero,279,0,1,3,0,12.903225806451612,38.70967741935484,0,4.301075268817204,0,0.9864460229950055,Michael Raffl,Tanner Kero
Andrej Sekera & John Klingberg,Andrej Sekera,John Klingberg,2057,0,2,16,0,3.5002430724355857,28.001944579484686,0,1.166747690811862,0,0.6886220062432913,Andrej Sekera,John Klingberg
Jacob Peterson & Tanner Kero,Jacob Peterson,Tanner Kero,1417,0,1,10,0,2.5405786873676783,25.40578687367678,0,0.8468595624558928,0,0.5712406882866212,Jacob Peterson,Tanner Kero
Blake Comeau & Esa Lindell,Blake Comeau,Esa Lindell,1637,1,3,10,2.1991447770311545,6.5974343310934636,21.991447770311545,0.7330482590103848,2.1991447770311545,0.519557756683255,0.8891020396989945,Blake Comeau,Esa Lindell
Blake Comeau & John Klingberg,Blake Comeau,John Klingberg,1613,0,0,10,0,0,22.31866088034718,0,0,0,0,Blake Comeau,John Klingberg
Blake Comeau & Michael Raffl,Blake Comeau,Michael Raffl,2929,1,4,18,1.2290884260839878,4.916353704335951,22.12359166951178,0.4096961420279959,1.6387845681119837,0.3361480638041475,0.8057840448411,Blake Comeau,Michael Raffl
Blake Comeau & Radek Faksa,Blake Comeau,Radek Faksa,1672,0,3,8,0,6.45933014354067,17.22488038277512,0,2.15311004784689,0,0.8838775507735902,Blake Comeau,Radek Faksa
Esa Lindell & Jason Robertson,Esa Lindell,Jason Robertson,23284,9,15,204,1.3915134856553857,2.3191891427589764,31.540972341522075,0.46383782855179523,0.7730630475863254,0.37113446976814,0.5384029929114902,Esa Lindell,Jason Robertson
Jason Robertson & Joe Pavelski,Jason Robertson,Joe Pavelski,71724,60,57,811,3.0115442529697174,2.8609670403212313,40.70603981930734,1.0038480843232391,0.953655680107077,0.6335334696953906,0.6146701969547153,Jason Robertson,Joe Pavelski
Jason Robertson & John Klingberg,Jason Robertson,John Klingberg,42395,28,37,490,2.3776388725085504,3.141879938672013,41.60868026889964,0.7925462908361834,1.047293312890671,0.5473093555355083,0.6491137958878394,Jason Robertson,John Klingberg
Jason Robertson & Roope Hintz,Jason Robertson,Roope Hintz,65985,67,46,767,3.655376221868606,2.5096612866560584,41.84587406228688,1.2184587406228686,0.836553762218686,0.7043144559758342,0.5667991328901504,Jason Robertson,Roope Hintz
Jason Robertson & Ryan Suter,Jason Robertson,Ryan Suter,34032,15,22,368,1.5867418899858956,2.32722143864598,38.928067700987306,0.5289139633286318,0.77574047954866,0.41075543649131274,0.5396372344557874,Jason Robertson,Ryan Suter
Alexander Radulov & Jason Robertson,Alexander Radulov,Jason Robertson,9536,6,6,117,2.2651006711409396,2.2651006711409396,44.16946308724832,0.7550335570469798,0.7550335570469798,0.5300051571731108,0.5300051571731108,Alexander Radulov,Jason Robertson
Andrej Sekera & Jason Robertson,Andrej Sekera,Jason Robertson,3907,2,4,42,1.8428461735346813,3.6856923470693626,38.69976964422831,0.6142820578448938,1.2285641156897875,0.4589708164335907,0.7072874225294646,Andrej Sekera,Jason Robertson
Jamie Benn & Jason Robertson,Jamie Benn,Jason Robertson,6626,6,7,69,3.259885300332025,3.8031995170540296,37.48868095381829,1.0866284334440084,1.2677331723513432,0.6626480168941066,0.7185310592635439,Jamie Benn,Jason Robertson
Jani Hakanpaa & Jason Robertson,Jani Hakanpaa,Jason Robertson,15979,10,12,134,2.2529570060704676,2.703548407284561,30.18962388134426,0.7509856686901558,0.9011828024281869,0.5280988147935178,0.5939109475524009,Jani Hakanpaa,Jason Robertson
Blake Comeau & Miro Heiskanen,Blake Comeau,Miro Heiskanen,1425,1,2,5,2.526315789473684,5.052631578947368,12.631578947368421,0.8421052631578947,1.6842105263157894,0.5691973848025648,0.8144091067390505,Blake Comeau,Miro Heiskanen
Jason Robertson & Tyler Seguin,Jason Robertson,Tyler Seguin,13972,12,14,147,3.0918980818780417,3.607214428857715,37.875751503006015,1.030632693959347,1.2024048096192383,0.64321884413808,0.699529232604051,Jason Robertson,Tyler Seguin
Andrej Sekera & Blake Comeau,Andrej Sekera,Blake Comeau,477,0,1,2,0,7.547169811320755,15.09433962264151,0,2.5157232704402515,0,0.9191955524019978,Andrej Sekera,Blake Comeau
Blake Comeau & Jani Hakanpaa,Blake Comeau,Jani Hakanpaa,1173,0,1,9,0,3.0690537084398977,27.62148337595908,0,1.023017902813299,0,0.6404916598599776,Blake Comeau,Jani Hakanpaa
Jason Robertson & Miro Heiskanen,Jason Robertson,Miro Heiskanen,30226,11,20,322,1.3101303513531397,2.382055184278436,38.351088466882814,0.43671011711771324,0.7940183947594786,0.35384128538517723,0.5479752729391936,Jason Robertson,Miro Heiskanen
Blake Comeau & Joel Kiviranta,Blake Comeau,Joel Kiviranta,700,0,0,3,0,0,15.428571428571429,0,0,0,0,Blake Comeau,Joel Kiviranta
Blake Comeau & Tyler Seguin,Blake Comeau,Tyler Seguin,418,0,0,1,0,0,8.61244019138756,0,0,0,0,Blake Comeau,Tyler Seguin
Blake Comeau & Ryan Suter,Blake Comeau,Ryan Suter,1619,0,0,10,0,0,22.23594811612106,0,0,0,0,Blake Comeau,Ryan Suter
Blake Comeau & Roope Hintz,Blake Comeau,Roope Hintz,161,0,0,0,0,0,0,0,0,0,0,Blake Comeau,Roope Hintz
Jason Robertson & Radek Faksa,Jason Robertson,Radek Faksa,5746,1,4,28,0.6265227984684999,2.5060911938739996,17.542638357117994,0.20884093282283328,0.8353637312913331,0.18847568774123402,0.5662833035950017,Jason Robertson,Radek Faksa
Jason Robertson & Luke Glendening,Jason Robertson,Luke Glendening,3713,3,4,25,2.90869916509561,3.878265553460813,24.23915970913008,0.9695663883652033,1.2927551844869376,0.6207525514381577,0.7254865948644215,Jason Robertson,Luke Glendening
Blake Comeau & Jason Robertson,Blake Comeau,Jason Robertson,174,0,0,3,0,0,62.06896551724138,0,0,0,0,Blake Comeau,Jason Robertson
Blake Comeau & Jamie Benn,Blake Comeau,Jamie Benn,248,0,0,1,0,0,14.516129032258064,0,0,0,0,Blake Comeau,Jamie Benn
Blake Comeau & Denis Gurianov,Blake Comeau,Denis Gurianov,38,0,0,0,0,0,0,0,0,0,0,Blake Comeau,Denis Gurianov
Jason Robertson & Joel Hanley,Jason Robertson,Joel Hanley,8104,0,5,65,0,2.2211253701875617,28.8746298124383,0,0.7403751233958539,0,0.5230650275062085,Jason Robertson,Joel Hanley
Blake Comeau & Luke Glendening,Blake Comeau,Luke Glendening,1548,2,0,12,4.651162790697675,0,27.906976744186046,1.550387596899225,0,0.7878342768886881,0,Blake Comeau,Luke Glendening
Blake Comeau & Joel Hanley,Blake Comeau,Joel Hanley,64,0,1,0,0,56.25,0,0,18.75,0,0.9999999928058669,Blake Comeau,Joel Hanley
Joel Hanley & John Klingberg,Joel Hanley,John Klingberg,12083,1,8,95,0.2979392534966482,2.3835140279731855,28.30422908218158,0.09931308449888272,0.7945046759910618,0.09454082159163002,0.5481950306438207,Joel Hanley,John Klingberg
Denis Gurianov & Jason Robertson,Denis Gurianov,Jason Robertson,5853,4,1,53,2.4602767811378783,0.6150691952844696,32.59866735007688,0.8200922603792927,0.20502306509482318,0.5596089780110834,0.185371473289492,Denis Gurianov,Jason Robertson
Jason Robertson & Joel Kiviranta,Jason Robertson,Joel Kiviranta,986,0,0,3,0,0,10.953346855983773,0,0,0,0,Jason Robertson,Joel Kiviranta
Jani Hakanpaa & Thomas Harley,Jani Hakanpaa,Thomas Harley,10112,0,6,85,0,2.136075949367089,30.261075949367086,0,0.7120253164556962,0,0.509350529963566,Jani Hakanpaa,Thomas Harley
Luke Glendening & Thomas Harley,Luke Glendening,Thomas Harley,5165,0,4,37,0,2.787996127783156,25.788964181994192,0,0.9293320425943854,0,0.6051826565176011,Luke Glendening,Thomas Harley
Michael Raffl & Thomas Harley,Michael Raffl,Thomas Harley,4618,0,4,27,0,3.118233001299264,21.04807275877003,0,1.0394110004330879,0,0.6463370720642483,Michael Raffl,Thomas Harley
Radek Faksa & Thomas Harley,Radek Faksa,Thomas Harley,5762,1,5,40,0.624783061437001,3.123915307185005,24.99132245748004,0.20826102047900033,1.0413051023950017,0.18800493829171894,0.6470063117057671,Radek Faksa,Thomas Harley
Blake Comeau & Tanner Kero,Blake Comeau,Tanner Kero,371,0,0,3,0,0,29.110512129380055,0,0,0,0,Blake Comeau,Tanner Kero
Blake Comeau & Thomas Harley,Blake Comeau,Thomas Harley,759,0,0,4,0,0,18.972332015810277,0,0,0,0,Blake Comeau,Thomas Harley
Joel Kiviranta & Thomas Harley,Joel Kiviranta,Thomas Harley,4646,1,0,43,0.7748600947051227,0,33.31898407232027,0.2582866982350409,0,0.22762623783348057,0,Joel Kiviranta,Thomas Harley
Tanner Kero & Thomas Harley,Tanner Kero,Thomas Harley,704,0,0,3,0,0,15.34090909090909,0,0,0,0,Tanner Kero,Thomas Harley
Alexander Radulov & Thomas Harley,Alexander Radulov,Thomas Harley,6836,0,4,55,0,2.1064950263311877,28.964306612053836,0,0.7021650087770626,0,0.5044886447763316,Alexander Radulov,Thomas Harley
Jamie Benn & Thomas Harley,Jamie Benn,Thomas Harley,6417,1,5,60,0.5610098176718092,2.805049088359046,33.66058906030855,0.18700327255726973,0.9350163627863487,0.17055897801228392,0.6074205582145675,Jamie Benn,Thomas Harley
Thomas Harley & Tyler Seguin,Thomas Harley,Tyler Seguin,7777,2,6,78,0.9258068664009258,2.7774205992027774,36.106467789636106,0.3086022888003086,0.9258068664009258,0.2655271799869734,0.6037883997610825,Thomas Harley,Tyler Seguin
Jason Robertson & Thomas Harley,Jason Robertson,Thomas Harley,9140,5,10,101,1.9693654266958425,3.938730853391685,39.78118161925602,0.6564551422319475,1.312910284463895,0.481313249818505,0.7309640551861594,Jason Robertson,Thomas Harley
Roope Hintz & Thomas Harley,Roope Hintz,Thomas Harley,7990,3,7,85,1.3516896120150186,3.1539424280350437,38.29787234042553,0.45056320400500616,1.0513141426783479,0.3627308619984805,0.6505218169858678,Roope Hintz,Thomas Harley
Joe Pavelski & Thomas Harley,Joe Pavelski,Thomas Harley,8716,1,10,99,0.4130335016062414,4.130335016062414,40.8903166590179,0.13767783386874713,1.3767783386874712,0.12862062454777823,0.7476096390659308,Joe Pavelski,Thomas Harley
John Klingberg & Thomas Harley,John Klingberg,Thomas Harley,12074,1,10,124,0.2981613384131191,2.981613384131191,36.97200596322677,0.09938711280437303,0.9938711280437303,0.09460784871931527,0.6298589493602629,John Klingberg,Thomas Harley
Jason Robertson & Tanner Kero,Jason Robertson,Tanner Kero,145,0,0,0,0,0,0,0,0,0,0,Jason Robertson,Tanner Kero
Miro Heiskanen & Thomas Harley,Miro Heiskanen,Thomas Harley,2755,0,1,23,0,1.306715063520871,30.05444646098003,0,0.4355716878402903,0,0.3531052605099564,Miro Heiskanen,Thomas Harley
Denis Gurianov & Thomas Harley,Denis Gurianov,Thomas Harley,5962,1,5,52,0.6038242200603824,3.019121100301912,31.398859443139884,0.20127474002012746,1.0063737001006372,0.18231225085800973,0.6344578555331205,Denis Gurianov,Thomas Harley
Ryan Suter & Thomas Harley,Ryan Suter,Thomas Harley,238,0,1,3,0,15.126050420168067,45.378151260504204,0,5.042016806722689,0,0.9935392948236706,Ryan Suter,Thomas Harley
Alexander Radulov & Riley Tufte,Alexander Radulov,Riley Tufte,1538,0,1,8,0,2.340702210663199,18.725617685305593,0,0.7802340702210664,0,0.5417012753343873,Alexander Radulov,Riley Tufte
Esa Lindell & Riley Tufte,Esa Lindell,Riley Tufte,1373,0,0,5,0,0,13.109978150036417,0,0,0,0,Esa Lindell,Riley Tufte
Jani Hakanpaa & Riley Tufte,Jani Hakanpaa,Riley Tufte,1625,0,1,8,0,2.2153846153846155,17.723076923076924,0,0.7384615384615385,0,0.5221514981489528,Jani Hakanpaa,Riley Tufte
Radek Faksa & Riley Tufte,Radek Faksa,Riley Tufte,1297,0,1,7,0,2.7756360832690823,19.429452582883577,0,0.9252120277563607,0,0.6035526476795625,Radek Faksa,Riley Tufte
Luke Glendening & Riley Tufte,Luke Glendening,Riley Tufte,1677,1,2,6,2.146690518783542,4.293381037567084,12.880143112701253,0.7155635062611806,1.4311270125223612,0.5110834733673109,0.7609606299854269,Luke Glendening,Riley Tufte
Miro Heiskanen & Riley Tufte,Miro Heiskanen,Riley Tufte,688,0,0,3,0,0,15.69767441860465,0,0,0,0,Miro Heiskanen,Riley Tufte
John Klingberg & Riley Tufte,John Klingberg,Riley Tufte,1622,1,1,10,2.219482120838471,2.219482120838471,22.19482120838471,0.7398273736128236,0.7398273736128236,0.5228037149180823,0.5228037149180823,John Klingberg,Riley Tufte
Riley Tufte & Ryan Suter,Riley Tufte,Ryan Suter,1579,1,1,9,2.279924002533249,2.279924002533249,20.519316022799238,0.759974667511083,0.759974667511083,0.5323217256854514,0.5323217256854514,Riley Tufte,Ryan Suter
Jamie Benn & Riley Tufte,Jamie Benn,Riley Tufte,523,0,0,4,0,0,27.533460803059274,0,0,0,0,Jamie Benn,Riley Tufte
Denis Gurianov & Riley Tufte,Denis Gurianov,Riley Tufte,1009,0,0,9,0,0,32.111000991080275,0,0,0,0,Denis Gurianov,Riley Tufte
Andrej Sekera & Riley Tufte,Andrej Sekera,Riley Tufte,205,0,0,1,0,0,17.5609756097561,0,0,0,0,Andrej Sekera,Riley Tufte
Riley Tufte & Tyler Seguin,Riley Tufte,Tyler Seguin,556,0,0,4,0,0,25.89928057553957,0,0,0,0,Riley Tufte,Tyler Seguin
Riley Tufte & Roope Hintz,Riley Tufte,Roope Hintz,270,0,0,0,0,0,0,0,0,0,0,Riley Tufte,Roope Hintz
Jason Robertson & Michael Raffl,Jason Robertson,Michael Raffl,646,1,1,4,5.572755417956657,5.572755417956657,22.291021671826627,1.8575851393188856,1.8575851393188856,0.843950987645679,0.843950987645679,Jason Robertson,Michael Raffl
Jacob Peterson & Jason Robertson,Jacob Peterson,Jason Robertson,1574,2,1,16,4.57433290978399,2.287166454891995,36.59466327827192,1.5247776365946635,0.7623888182973317,0.7823305467949015,0.5334494098116492,Jacob Peterson,Jason Robertson
Jacob Peterson & Michael Raffl,Jacob Peterson,Michael Raffl,1075,0,0,7,0,0,23.44186046511628,0,0,0,0,Jacob Peterson,Michael Raffl
Esa Lindell & Ty Dellandrea,Esa Lindell,Ty Dellandrea,645,0,0,3,0,0,16.74418604651163,0,0,0,0,Esa Lindell,Ty Dellandrea
John Klingberg & Ty Dellandrea,John Klingberg,Ty Dellandrea,454,0,0,2,0,0,15.859030837004406,0,0,0,0,John Klingberg,Ty Dellandrea
Luke Glendening & Ty Dellandrea,Luke Glendening,Ty Dellandrea,31,0,0,0,0,0,0,0,0,0,0,Luke Glendening,Ty Dellandrea
Radek Faksa & Ty Dellandrea,Radek Faksa,Ty Dellandrea,541,0,1,0,0,6.654343807763401,0,0,2.2181146025878,0,0.8911859266832769,Radek Faksa,Ty Dellandrea
Ty Dellandrea & Tyler Seguin,Ty Dellandrea,Tyler Seguin,343,0,0,3,0,0,31.486880466472304,0,0,0,0,Ty Dellandrea,Tyler Seguin
Michael Raffl & Riley Damiani,Michael Raffl,Riley Damiani,540,0,0,4,0,0,26.666666666666668,0,0,0,0,Michael Raffl,Riley Damiani
Michael Raffl & Ty Dellandrea,Michael Raffl,Ty Dellandrea,663,0,0,1,0,0,5.429864253393665,0,0,0,0,Michael Raffl,Ty Dellandrea
Miro Heiskanen & Riley Damiani,Miro Heiskanen,Riley Damiani,1491,0,1,9,0,2.414486921529175,21.730382293762574,0,0.8048289738430583,0,0.5528356031717274,Miro Heiskanen,Riley Damiani
Miro Heiskanen & Ty Dellandrea,Miro Heiskanen,Ty Dellandrea,852,0,1,4,0,4.225352112676056,16.901408450704224,0,1.408450704225352,0,0.7554781735275009,Miro Heiskanen,Ty Dellandrea
Riley Damiani & Ryan Suter,Riley Damiani,Ryan Suter,1600,0,1,8,0,2.25,18,0,0.75,0,0.5276334472589853,Riley Damiani,Ryan Suter
Riley Damiani & Ty Dellandrea,Riley Damiani,Ty Dellandrea,101,0,0,2,0,0,71.2871287128713,0,0,0,0,Riley Damiani,Ty Dellandrea
Ryan Suter & Ty Dellandrea,Ryan Suter,Ty Dellandrea,811,0,1,3,0,4.438964241676942,13.316892725030826,0,1.4796547472256472,0,0.7722837055040171,Ryan Suter,Ty Dellandrea
Esa Lindell & Riley Damiani,Esa Lindell,Riley Damiani,840,0,0,13,0,0,55.714285714285715,0,0,0,0,Esa Lindell,Riley Damiani
John Klingberg & Riley Damiani,John Klingberg,Riley Damiani,898,1,0,14,4.008908685968819,0,56.12472160356348,1.3363028953229397,0,0.7371844688366722,0,John Klingberg,Riley Damiani
Jacob Peterson & Riley Damiani,Jacob Peterson,Riley Damiani,842,0,1,4,0,4.275534441805226,17.102137767220903,0,1.4251781472684084,0,0.7595343789011918,Jacob Peterson,Riley Damiani
Luke Glendening & Riley Damiani,Luke Glendening,Riley Damiani,1553,0,0,11,0,0,25.49903412749517,0,0,0,0,Luke Glendening,Riley Damiani
Andrej Sekera & Riley Damiani,Andrej Sekera,Riley Damiani,440,1,0,4,8.181818181818182,0,32.72727272727273,2.727272727272727,0,0.9346025967701398,0,Andrej Sekera,Riley Damiani
Jani Hakanpaa & Riley Damiani,Jani Hakanpaa,Riley Damiani,1144,0,1,10,0,3.1468531468531467,31.46853146853147,0,1.0489510489510487,0,0.6496949907345595,Jani Hakanpaa,Riley Damiani
Jani Hakanpaa & Ty Dellandrea,Jani Hakanpaa,Ty Dellandrea,542,0,0,5,0,0,33.210332103321036,0,0,0,0,Jani Hakanpaa,Ty Dellandrea
Riley Damiani & Tanner Kero,Riley Damiani,Tanner Kero,1528,0,1,13,0,2.356020942408377,30.6282722513089,0,0.7853403141361257,0,0.544035495787182,Riley Damiani,Tanner Kero
Andrej Sekera & Ty Dellandrea,Andrej Sekera,Ty Dellandrea,75,0,0,2,0,0,96,0,0,0,0,Andrej Sekera,Ty Dellandrea
Denis Gurianov & Riley Damiani,Denis Gurianov,Riley Damiani,396,0,0,1,0,0,9.090909090909092,0,0,0,0,Denis Gurianov,Riley Damiani
Jacob Peterson & Ty Dellandrea,Jacob Peterson,Ty Dellandrea,188,0,0,1,0,0,19.148936170212764,0,0,0,0,Jacob Peterson,Ty Dellandrea
Jason Robertson & Riley Damiani,Jason Robertson,Riley Damiani,233,1,0,7,15.450643776824034,0,108.15450643776823,5.150214592274677,0,0.9942018396470886,0,Jason Robertson,Riley Damiani
Joe Pavelski & Riley Damiani,Joe Pavelski,Riley Damiani,375,1,0,9,9.6,0,86.4,3.1999999999999997,0,0.9592377960216337,0,Joe Pavelski,Riley Damiani
Jason Robertson & Ty Dellandrea,Jason Robertson,Ty Dellandrea,239,0,1,3,0,15.06276150627615,45.18828451882845,0,5.02092050209205,0,0.9934015499741091,Jason Robertson,Ty Dellandrea
Jamie Benn & Ty Dellandrea,Jamie Benn,Ty Dellandrea,424,1,0,2,8.49056603773585,0,16.9811320754717,2.830188679245283,0,0.940998279780886,0,Jamie Benn,Ty Dellandrea
Riley Damiani & Tyler Seguin,Riley Damiani,Tyler Seguin,494,0,0,5,0,0,36.43724696356276,0,0,0,0,Riley Damiani,Tyler Seguin
Tanner Kero & Ty Dellandrea,Tanner Kero,Ty Dellandrea,46,0,0,2,0,0,156.52173913043478,0,0,0,0,Tanner Kero,Ty Dellandrea
Esa Lindell & Joel Hanley,Esa Lindell,Joel Hanley,2726,1,4,21,1.3206162876008805,5.282465150403522,27.73294203961849,0.4402054292002935,1.760821716801174,0.3560958692151913,0.8280964502640773,Esa Lindell,Joel Hanley
Joel Hanley & Ryan Suter,Joel Hanley,Ryan Suter,1286,0,3,5,0,8.398133748055988,13.996889580093313,0,2.7993779160186625,0,0.9391520966400816,Joel Hanley,Ryan Suter
Esa Lindell & Thomas Harley,Esa Lindell,Thomas Harley,1669,1,2,10,2.156980227681246,4.313960455362492,21.569802276812464,0.718993409227082,1.437986818454164,0.5127575370329478,0.7625947822818008,Esa Lindell,Thomas Harley
Jacob Peterson & Thomas Harley,Jacob Peterson,Thomas Harley,4710,2,2,34,1.5286624203821657,1.5286624203821657,25.987261146496817,0.5095541401273885,0.5095541401273885,0.3992366246100234,0.3992366246100234,Jacob Peterson,Thomas Harley
Joel Hanley & Thomas Harley,Joel Hanley,Thomas Harley,1451,0,0,7,0,0,17.36733287388008,0,0,0,0,Joel Hanley,Thomas Harley
Joe Pavelski & Riley Tufte,Joe Pavelski,Riley Tufte,281,1,0,2,12.811387900355871,0,25.622775800711743,4.270462633451957,0,0.9860246837912386,0,Joe Pavelski,Riley Tufte
Joel Hanley & Riley Tufte,Joel Hanley,Riley Tufte,409,0,0,1,0,0,8.80195599022005,0,0,0,0,Joel Hanley,Riley Tufte
Riley Tufte & Thomas Harley,Riley Tufte,Thomas Harley,1289,1,1,6,2.7928626842513578,2.7928626842513578,16.757176105508147,0.9309542280837859,0.9309542280837859,0.6058226042858357,0.6058226042858357,Riley Tufte,Thomas Harley
Jacob Peterson & Riley Tufte,Jacob Peterson,Riley Tufte,958,0,0,4,0,0,15.031315240083506,0,0,0,0,Jacob Peterson,Riley Tufte
Michael Raffl & Riley Tufte,Michael Raffl,Riley Tufte,86,0,0,0,0,0,0,0,0,0,0,Michael Raffl,Riley Tufte
Riley Tufte & Tanner Kero,Riley Tufte,Tanner Kero,26,0,0,0,0,0,0,0,0,0,0,Riley Tufte,Tanner Kero
Jason Robertson & Riley Tufte,Jason Robertson,Riley Tufte,57,0,0,0,0,0,0,0,0,0,0,Jason Robertson,Riley Tufte
Andrej Sekera & Rhett Gardner,Andrej Sekera,Rhett Gardner,197,0,0,0,0,0,0,0,0,0,0,Andrej Sekera,Rhett Gardner
Jani Hakanpaa & Rhett Gardner,Jani Hakanpaa,Rhett Gardner,573,0,1,1,0,6.282722513089006,6.282722513089006,0,2.094240837696335,0,0.8768362905829943,Jani Hakanpaa,Rhett Gardner
Luke Glendening & Rhett Gardner,Luke Glendening,Rhett Gardner,159,0,0,0,0,0,0,0,0,0,0,Luke Glendening,Rhett Gardner
Michael Raffl & Rhett Gardner,Michael Raffl,Rhett Gardner,146,0,1,2,0,24.65753424657534,49.31506849315068,0,8.21917808219178,0,0.9997305635714794,Michael Raffl,Rhett Gardner
Esa Lindell & Rhett Gardner,Esa Lindell,Rhett Gardner,656,0,0,3,0,0,16.46341463414634,0,0,0,0,Esa Lindell,Rhett Gardner
John Klingberg & Rhett Gardner,John Klingberg,Rhett Gardner,804,0,0,7,0,0,31.343283582089555,0,0,0,0,John Klingberg,Rhett Gardner
Rhett Gardner & Tanner Kero,Rhett Gardner,Tanner Kero,1585,0,1,9,0,2.271293375394322,20.441640378548897,0,0.7570977917981072,0,0.5309743362098563,Rhett Gardner,Tanner Kero
Rhett Gardner & Tyler Seguin,Rhett Gardner,Tyler Seguin,103,0,0,0,0,0,0,0,0,0,0,Rhett Gardner,Tyler Seguin
Joel Kiviranta & Rhett Gardner,Joel Kiviranta,Rhett Gardner,990,0,0,9,0,0,32.72727272727273,0,0,0,0,Joel Kiviranta,Rhett Gardner
Jacob Peterson & Rhett Gardner,Jacob Peterson,Rhett Gardner,85,0,0,0,0,0,0,0,0,0,0,Jacob Peterson,Rhett Gardner
Miro Heiskanen & Rhett Gardner,Miro Heiskanen,Rhett Gardner,682,0,0,4,0,0,21.114369501466275,0,0,0,0,Miro Heiskanen,Rhett Gardner
Rhett Gardner & Ryan Suter,Rhett Gardner,Ryan Suter,664,0,0,4,0,0,21.686746987951807,0,0,0,0,Rhett Gardner,Ryan Suter
Joe Pavelski & Rhett Gardner,Joe Pavelski,Rhett Gardner,81,0,0,0,0,0,0,0,0,0,0,Joe Pavelski,Rhett Gardner
Joel Hanley & Rhett Gardner,Joel Hanley,Rhett Gardner,622,0,1,5,0,5.787781350482315,28.938906752411572,0,1.9292604501607715,0,0.8547444174864967,Joel Hanley,Rhett Gardner
Jason Robertson & Rhett Gardner,Jason Robertson,Rhett Gardner,6,0,0,0,0,0,0,0,0,0,0,Jason Robertson,Rhett Gardner
Radek Faksa & Rhett Gardner,Radek Faksa,Rhett Gardner,576,0,0,2,0,0,12.5,0,0,0,0,Radek Faksa,Rhett Gardner
Jamie Benn & Rhett Gardner,Jamie Benn,Rhett Gardner,43,0,0,0,0,0,0,0,0,0,0,Jamie Benn,Rhett Gardner
Rhett Gardner & Roope Hintz,Rhett Gardner,Roope Hintz,44,0,0,0,0,0,0,0,0,0,0,Rhett Gardner,Roope Hintz
Joel Hanley & Riley Damiani,Joel Hanley,Riley Damiani,812,1,1,6,4.433497536945813,4.433497536945813,26.600985221674875,1.477832512315271,1.477832512315271,0.7718683746222359,0.7718683746222359,Joel Hanley,Riley Damiani
Joel Kiviranta & Riley Damiani,Joel Kiviranta,Riley Damiani,481,0,1,4,0,7.484407484407485,29.93762993762994,0,2.494802494802495,0,0.9174872535212002,Joel Kiviranta,Riley Damiani
Rhett Gardner & Riley Damiani,Rhett Gardner,Riley Damiani,380,0,0,2,0,0,18.94736842105263,0,0,0,0,Rhett Gardner,Riley Damiani
Riley Damiani & Roope Hintz,Riley Damiani,Roope Hintz,132,0,0,2,0,0,54.54545454545455,0,0,0,0,Riley Damiani,Roope Hintz
Jamie Benn & Riley Damiani,Jamie Benn,Riley Damiani,245,0,0,4,0,0,58.77551020408164,0,0,0,0,Jamie Benn,Riley Damiani
Alexander Radulov & Riley Damiani,Alexander Radulov,Riley Damiani,103,0,1,0,0,34.95145631067961,0,0,11.650485436893202,0,0.9999912851791602,Alexander Radulov,Riley Damiani
Joel Kiviranta & Riley Tufte,Joel Kiviranta,Riley Tufte,562,0,0,1,0,0,6.405693950177936,0,0,0,0,Joel Kiviranta,Riley Tufte
Joel Kiviranta & Marian Studenic,Joel Kiviranta,Marian Studenic,2039,0,1,25,0,1.765571358509073,44.13928396272683,0,0.588523786169691,0,0.4448538053669058,Joel Kiviranta,Marian Studenic
John Klingberg & Marian Studenic,John Klingberg,Marian Studenic,4428,1,2,36,0.8130081300813008,1.6260162601626016,29.268292682926834,0.27100271002710025,0.5420054200542005,0.2373855703035066,0.4184192316186921,John Klingberg,Marian Studenic
Luke Glendening & Marian Studenic,Luke Glendening,Marian Studenic,977,0,0,9,0,0,33.16274309109519,0,0,0,0,Luke Glendening,Marian Studenic
Marian Studenic & Thomas Harley,Marian Studenic,Thomas Harley,1262,0,1,19,0,2.8526148969889067,54.199683042789225,0,0.9508716323296356,0,0.6135959256555363,Marian Studenic,Thomas Harley
Esa Lindell & Marian Studenic,Esa Lindell,Marian Studenic,2775,0,3,17,0,3.891891891891892,22.054054054054053,0,1.2972972972972974,0,0.7267306382869212,Esa Lindell,Marian Studenic
Joel Hanley & Marian Studenic,Joel Hanley,Marian Studenic,2974,0,2,26,0,2.42098184263618,31.472763954270345,0,0.8069939475453933,0,0.5538026551327255,Joel Hanley,Marian Studenic
Denis Gurianov & Marian Studenic,Denis Gurianov,Marian Studenic,1097,0,2,8,0,6.563354603463993,26.25341841385597,0,2.187784867821331,0,0.8878350662114805,Denis Gurianov,Marian Studenic
Jani Hakanpaa & Marian Studenic,Jani Hakanpaa,Marian Studenic,3589,0,5,27,0,5.015324602953469,27.08275285594873,0,1.6717748676511563,0,0.8120867516600867,Jani Hakanpaa,Marian Studenic
Marian Studenic & Radek Faksa,Marian Studenic,Radek Faksa,1934,0,2,16,0,3.722854188210962,29.782833505687694,0,1.2409513960703205,0,0.7108909701415228,Marian Studenic,Radek Faksa
Marian Studenic & Ryan Suter,Marian Studenic,Ryan Suter,5061,1,4,42,0.7113218731475993,2.8452874925903973,29.87551867219917,0.23710729104919975,0.948429164196799,0.21109335914446858,0.6126509925027568,Marian Studenic,Ryan Suter
Joe Pavelski & Marian Studenic,Joe Pavelski,Marian Studenic,477,0,0,1,0,0,7.547169811320755,0,0,0,0,Joe Pavelski,Marian Studenic
Marian Studenic & Roope Hintz,Marian Studenic,Roope Hintz,438,0,0,2,0,0,16.43835616438356,0,0,0,0,Marian Studenic,Roope Hintz
Alexander Radulov & Marian Studenic,Alexander Radulov,Marian Studenic,3123,1,4,20,1.152737752161383,4.610951008645532,23.054755043227665,0.38424591738712766,1.5369836695485106,0.31903605428716897,0.7849712781009062,Alexander Radulov,Marian Studenic
Marian Studenic & Tyler Seguin,Marian Studenic,Tyler Seguin,4551,3,4,53,2.373104812129202,3.1641397495056034,41.924851680949246,0.7910349373764007,1.054713249835201,0.5466246626876641,0.6517077141413468,Marian Studenic,Tyler Seguin
Jamie Benn & Marian Studenic,Jamie Benn,Marian Studenic,5573,2,6,56,1.2919432980441414,3.875829894132424,36.17441234523596,0.4306477660147138,1.2919432980441412,0.3499121465128996,0.7252636306538636,Jamie Benn,Marian Studenic
Jacob Peterson & Marian Studenic,Jacob Peterson,Marian Studenic,1772,0,1,7,0,2.0316027088036117,14.221218961625283,0,0.6772009029345372,0,0.4919629509867406,Jacob Peterson,Marian Studenic
Marian Studenic & Michael Raffl,Marian Studenic,Michael Raffl,902,0,0,1,0,0,3.991130820399113,0,0,0,0,Marian Studenic,Michael Raffl
Jason Robertson & Marian Studenic,Jason Robertson,Marian Studenic,461,0,0,2,0,0,15.61822125813449,0,0,0,0,Jason Robertson,Marian Studenic
Andrej Sekera & Marian Studenic,Andrej Sekera,Marian Studenic,886,0,0,8,0,0,32.50564334085779,0,0,0,0,Andrej Sekera,Marian Studenic
Andrej Sekera & Thomas Harley,Andrej Sekera,Thomas Harley,53,0,1,2,0,67.9245283018868,135.8490566037736,0,22.641509433962263,0,0.9999999998531353,Andrej Sekera,Thomas Harley
Denis Gurianov & Vladislav Namestnikov,Denis Gurianov,Vladislav Namestnikov,3348,2,1,20,2.150537634408602,1.075268817204301,21.505376344086024,0.7168458781362006,0.3584229390681003,0.5117100443359379,0.301222527792959,Denis Gurianov,Vladislav Namestnikov
Esa Lindell & Vladislav Namestnikov,Esa Lindell,Vladislav Namestnikov,4581,2,4,29,1.5717092337917484,3.143418467583497,22.789783889980356,0.5239030779305828,1.0478061558611655,0.4077953894776103,0.6492936992760248,Esa Lindell,Vladislav Namestnikov
John Klingberg & Vladislav Namestnikov,John Klingberg,Vladislav Namestnikov,4670,0,2,41,0,1.5417558886509635,31.605995717344754,0,0.5139186295503211,0,0.40185293642185815,John Klingberg,Vladislav Namestnikov
Tyler Seguin & Vladislav Namestnikov,Tyler Seguin,Vladislav Namestnikov,7869,4,5,54,1.8299656881433475,2.2874571101791843,24.704536789935187,0.6099885627144491,0.7624857033930614,0.4566429164309179,0.5334946094206228,Tyler Seguin,Vladislav Namestnikov
Joel Hanley & Vladislav Namestnikov,Joel Hanley,Vladislav Namestnikov,3117,0,1,15,0,1.1549566891241578,17.324350336862366,0,0.3849855630413859,0,0.3195395400868265,Joel Hanley,Vladislav Namestnikov
Jamie Benn & Vladislav Namestnikov,Jamie Benn,Vladislav Namestnikov,3434,1,4,21,1.04834012813046,4.19336051252184,22.015142690739662,0.34944670937682,1.39778683750728,0.29492190508581917,0.7528566725343613,Jamie Benn,Vladislav Namestnikov
Luke Glendening & Vladislav Namestnikov,Luke Glendening,Vladislav Namestnikov,2457,0,3,10,0,4.395604395604396,14.652014652014651,0,1.4652014652014653,0,0.7689685580075689,Luke Glendening,Vladislav Namestnikov
Radek Faksa & Vladislav Namestnikov,Radek Faksa,Vladislav Namestnikov,1568,0,1,7,0,2.2959183673469385,16.07142857142857,0,0.7653061224489794,0,0.5348084963870111,Radek Faksa,Vladislav Namestnikov
Andrej Sekera & Vladislav Namestnikov,Andrej Sekera,Vladislav Namestnikov,612,1,0,5,5.882352941176471,0,29.411764705882355,1.9607843137254903,0,0.8592520129587693,0,Andrej Sekera,Vladislav Namestnikov
Ryan Suter & Vladislav Namestnikov,Ryan Suter,Vladislav Namestnikov,7506,2,6,47,0.9592326139088729,2.8776978417266186,22.54196642685851,0.31974420463629094,0.9592326139088728,0.273665193610812,0.6168131745817036,Ryan Suter,Vladislav Namestnikov
Jani Hakanpaa & Vladislav Namestnikov,Jani Hakanpaa,Vladislav Namestnikov,4816,4,3,31,2.990033222591362,2.2425249169435215,23.172757475083056,0.9966777408637874,0.7475083056478404,0.6308963355265969,0.5264549866152163,Jani Hakanpaa,Vladislav Namestnikov
Alexander Radulov & Vladislav Namestnikov,Alexander Radulov,Vladislav Namestnikov,2626,0,1,25,0,1.370906321401371,34.27265803503427,0,0.456968773800457,0,0.3667998878128922,Alexander Radulov,Vladislav Namestnikov
Roope Hintz & Vladislav Namestnikov,Roope Hintz,Vladislav Namestnikov,1341,1,0,16,2.6845637583892614,0,42.95302013422818,0.8948545861297538,0,0.5913329798265683,0,Roope Hintz,Vladislav Namestnikov
Joe Pavelski & Vladislav Namestnikov,Joe Pavelski,Vladislav Namestnikov,2736,2,1,27,2.631578947368421,1.3157894736842104,35.526315789473685,0.8771929824561402,0.4385964912280701,0.5840511497690231,0.3550590335302176,Joe Pavelski,Vladislav Namestnikov
Thomas Harley & Vladislav Namestnikov,Thomas Harley,Vladislav Namestnikov,2017,0,0,15,0,0,26.77243430837878,0,0,0,0,Thomas Harley,Vladislav Namestnikov
Jason Robertson & Vladislav Namestnikov,Jason Robertson,Vladislav Namestnikov,1869,1,0,18,1.9261637239165328,0,34.670947030497594,0.6420545746388442,0,0.47378982543677173,0,Jason Robertson,Vladislav Namestnikov
Jacob Peterson & Vladislav Namestnikov,Jacob Peterson,Vladislav Namestnikov,2101,0,1,17,0,1.7134697762970015,29.128986197049027,0,0.5711565920990005,0,0.43512826544724903,Jacob Peterson,Vladislav Namestnikov
Miro Heiskanen & Vladislav Namestnikov,Miro Heiskanen,Vladislav Namestnikov,7143,2,5,48,1.007979840403192,2.51994960100798,24.191516169676607,0.33599328013439733,0.8399832003359933,0.28537209199658,0.5682822239182577,Miro Heiskanen,Vladislav Namestnikov
Michael Raffl & Vladislav Namestnikov,Michael Raffl,Vladislav Namestnikov,1334,1,1,11,2.6986506746626686,2.6986506746626686,29.685157421289357,0.8995502248875562,0.8995502248875562,0.5932474342147649,0.5932474342147649,Michael Raffl,Vladislav Namestnikov
Marian Studenic & Vladislav Namestnikov,Marian Studenic,Vladislav Namestnikov,1068,0,1,7,0,3.370786516853933,23.59550561797753,0,1.1235955056179776,0,0.6748912397197202,Marian Studenic,Vladislav Namestnikov
Marian Studenic & Miro Heiskanen,Marian Studenic,Miro Heiskanen,3359,1,2,30,1.0717475439118787,2.1434950878237573,32.15242631735636,0.35724918130395955,0.7144983626079191,0.3004018507657541,0.5105624295880178,Marian Studenic,Miro Heiskanen
Joel Kiviranta & Vladislav Namestnikov,Joel Kiviranta,Vladislav Namestnikov,1595,0,0,18,0,0,40.6269592476489,0,0,0,0,Joel Kiviranta,Vladislav Namestnikov
Esa Lindell & Fredrik Karlstrom,Esa Lindell,Fredrik Karlstrom,247,0,0,1,0,0,14.574898785425102,0,0,0,0,Esa Lindell,Fredrik Karlstrom
Fredrik Karlstrom & Jacob Peterson,Fredrik Karlstrom,Jacob Peterson,389,0,0,2,0,0,18.50899742930591,0,0,0,0,Fredrik Karlstrom,Jacob Peterson
Fredrik Karlstrom & Joe Pavelski,Fredrik Karlstrom,Joe Pavelski,77,0,0,0,0,0,0,0,0,0,0,Fredrik Karlstrom,Joe Pavelski
Fredrik Karlstrom & John Klingberg,Fredrik Karlstrom,John Klingberg,281,0,0,0,0,0,0,0,0,0,0,Fredrik Karlstrom,John Klingberg
Fredrik Karlstrom & Luke Glendening,Fredrik Karlstrom,Luke Glendening,317,1,0,2,11.35646687697161,0,22.71293375394322,3.7854889589905363,0,0.977302238211703,0,Fredrik Karlstrom,Luke Glendening
Fredrik Karlstrom & Miro Heiskanen,Fredrik Karlstrom,Miro Heiskanen,488,0,0,2,0,0,14.754098360655739,0,0,0,0,Fredrik Karlstrom,Miro Heiskanen
Fredrik Karlstrom & Ryan Suter,Fredrik Karlstrom,Ryan Suter,525,0,0,2,0,0,13.714285714285714,0,0,0,0,Fredrik Karlstrom,Ryan Suter
Fredrik Karlstrom & Radek Faksa,Fredrik Karlstrom,Radek Faksa,133,0,0,0,0,0,0,0,0,0,0,Fredrik Karlstrom,Radek Faksa
Fredrik Karlstrom & Jamie Benn,Fredrik Karlstrom,Jamie Benn,141,0,0,0,0,0,0,0,0,0,0,Fredrik Karlstrom,Jamie Benn
Fredrik Karlstrom & Tyler Seguin,Fredrik Karlstrom,Tyler Seguin,82,0,0,0,0,0,0,0,0,0,0,Fredrik Karlstrom,Tyler Seguin
Fredrik Karlstrom & Jani Hakanpaa,Fredrik Karlstrom,Jani Hakanpaa,359,0,0,2,0,0,20.055710306406684,0,0,0,0,Fredrik Karlstrom,Jani Hakanpaa
Fredrik Karlstrom & Thomas Harley,Fredrik Karlstrom,Thomas Harley,340,0,0,1,0,0,10.588235294117647,0,0,0,0,Fredrik Karlstrom,Thomas Harley
Fredrik Karlstrom & Marian Studenic,Fredrik Karlstrom,Marian Studenic,34,0,0,0,0,0,0,0,0,0,0,Fredrik Karlstrom,Marian Studenic
Fredrik Karlstrom & Joel Kiviranta,Fredrik Karlstrom,Joel Kiviranta,301,0,0,1,0,0,11.960132890365449,0,0,0,0,Fredrik Karlstrom,Joel Kiviranta
Fredrik Karlstrom & Roope Hintz,Fredrik Karlstrom,Roope Hintz,33,0,0,0,0,0,0,0,0,0,0,Fredrik Karlstrom,Roope Hintz
Fredrik Karlstrom & Vladislav Namestnikov,Fredrik Karlstrom,Vladislav Namestnikov,413,1,0,2,8.716707021791768,0,17.433414043583536,2.9055690072639226,0,0.9452823529967459,0,Fredrik Karlstrom,Vladislav Namestnikov
Denis Gurianov & Fredrik Karlstrom,Denis Gurianov,Fredrik Karlstrom,290,0,0,1,0,0,12.413793103448276,0,0,0,0,Denis Gurianov,Fredrik Karlstrom
Fredrik Karlstrom & Michael Raffl,Fredrik Karlstrom,Michael Raffl,18,0,0,0,0,0,0,0,0,0,0,Fredrik Karlstrom,Michael Raffl
Joel Kiviranta & Ty Dellandrea,Joel Kiviranta,Ty Dellandrea,355,0,0,2,0,0,20.281690140845072,0,0,0,0,Joel Kiviranta,Ty Dellandrea
Joe Pavelski & Ty Dellandrea,Joe Pavelski,Ty Dellandrea,189,0,0,2,0,0,38.095238095238095,0,0,0,0,Joe Pavelski,Ty Dellandrea
Joel Hanley & Ty Dellandrea,Joel Hanley,Ty Dellandrea,242,0,0,1,0,0,14.87603305785124,0,0,0,0,Joel Hanley,Ty Dellandrea
Marian Studenic & Ty Dellandrea,Marian Studenic,Ty Dellandrea,132,0,0,0,0,0,0,0,0,0,0,Marian Studenic,Ty Dellandrea
Denis Gurianov & Ty Dellandrea,Denis Gurianov,Ty Dellandrea,157,0,0,1,0,0,22.929936305732486,0,0,0,0,Denis Gurianov,Ty Dellandrea
Ty Dellandrea & Vladislav Namestnikov,Ty Dellandrea,Vladislav Namestnikov,128,0,0,1,0,0,28.125,0,0,0,0,Ty Dellandrea,Vladislav Namestnikov
